year,run_number,time_idx,RMSE,ME
2011,1,32,5.660176090611324,-1.1029846482975467
