year,run_number,time_idx,RMSE,ME
2011,1,32,6.225331955552299,-2.8914562006664886
