year,run_number,time_idx,RMSE,ME
2011,1,32,5.407801912235359,-0.7405057339151954
