year,run_number,time_idx,RMSE,ME
2011,1,32,5.542491567224564,-0.8627693923415651
2012,1,32,6.199877052871432,0.35325530221644696
