year,run_number,time_idx,RMSE,ME
2011,1,32,5.500459823171073,-1.0412930713337698
2012,1,32,5.899951033471924,0.8402633240250762
