year,run_number,time_idx,RMSE,ME
2011,1,32,5.626806218757779,-1.1814959374203045
