year,run_number,time_idx,RMSE,ME
2011,1,32,5.660803320080888,-1.0988422369501394
2012,1,32,5.714726376681397,-0.3239649557417933
