year,run_number,time_idx,RMSE,ME
2011,1,32,5.410635638141888,-0.7391401354674321
