year,run_number,time_idx,RMSE,ME
2011,1,32,5.598314421183157,-1.1757294958564126
