year,run_number,time_idx,RMSE,ME
2011,1,32,5.733248527127163,-1.3667830139208752
