year,run_number,time_idx,RMSE,ME
2011,1,32,5.543232368914633,-0.8703292032715622
2012,1,32,6.199895853210471,0.3515898677316312
