year,run_number,time_idx,RMSE,ME
2011,1,32,5.46412717055679,0.7908968415229943
2012,1,32,5.579303481969673,1.07548242907889
