year,run_number,time_idx,RMSE,ME
2011,1,32,5.6686973625412875,-1.19396069520598
