year,run_number,time_idx,RMSE,ME
2011,1,32,5.4776670990517795,-1.1267337094446657
2012,1,32,6.504958742964913,1.953658641389681
