year,run_number,time_idx,RMSE,ME
2011,1,32,5.691615840918737,-1.3325792798570766
