year,run_number,time_idx,RMSE,ME
2011,1,32,7.054865735689542,-3.5549004147766503
