year,run_number,time_idx,RMSE,ME
2011,1,32,6.5611227660352895,-3.2443460063569867
