year,run_number,time_idx,RMSE,ME
2011,1,32,6.270882089865036,-3.117251031717677
